serialno,division,age,married,children,youngkid,literacy,earners,income,weight,height,tealeave,dayswork,hookworm,roundwor,whipworm,newhb,tealeave_m,hb_gp,age_gp
191,F,42,M,4,3,A,1,B,40,1.46,16.32,26,FALSE,FALSE,FALSE,12.1,424,O_11,35-44
172,F,32,M,6,2,A,2,A,37,1.42,14.56,14,FALSE,TRUE,FALSE,10.1,204,10-11,U_35
184,F,36,M,5,0,A,1,B,43,1.44,15.22,23,FALSE,FALSE,FALSE,11.8,350,O_11,35-44
128,F,41,M,4,3,A,1,C,44,1.56,15.88,22,FALSE,TRUE,FALSE,11.9,349,O_11,35-44
150,F,42,M,5,3,A,3,B,34,1.51,14.86,17,FALSE,FALSE,FALSE,11.2,253,O_11,35-44
167,F,35,M,6,1,B,2,A,37,1.49,15.25,15,FALSE,FALSE,TRUE,10.8,229,10-11,35-44
199,F,35,M,6,4,B,3,A,36,1.52,19.46,17,FALSE,FALSE,FALSE,11,331,10-11,35-44
127,F,45,M,7,3,A,2,B,35,1.41,15.25,25,NA,NA,NA,12,381,O_11,44-59
142,F,33,M,8,3,B,3,A,35,1.52,13.72,14,FALSE,FALSE,FALSE,10.7,192,10-11,U_35
148,F,26,U,0,2,C,3,C,45,1.42,7.42,26,FALSE,TRUE,FALSE,15.4,193,O_11,U_35
126,F,47,M,5,1,A,1,B,43,1.61,16.88,22,NA,NA,NA,12.6,371,O_11,44-59
187,F,39,M,4,3,B,1,C,45,1.62,16.32,21,FALSE,TRUE,FALSE,12.5,343,O_11,35-44
151,F,38,M,7,4,B,3,B,34,1.52,10.23,18,NA,NA,NA,10.1,184,10-11,35-44
163,F,39,M,3,2,B,3,A,42,1.6,14.74,16,FALSE,FALSE,FALSE,11.5,236,O_11,35-44
176,F,44,M,6,4,B,2,C,35,1.46,10.12,15,FALSE,FALSE,FALSE,11.4,152,O_11,35-44
177,F,47,M,6,4,B,3,A,40,1.55,10.12,14,FALSE,FALSE,FALSE,11.9,142,O_11,44-59
140,F,36,M,8,3,A,2,A,45,1.47,10.56,19,FALSE,FALSE,FALSE,10.4,201,10-11,35-44
141,F,48,M,5,2,A,1,B,35,1.42,15.78,19,FALSE,FALSE,FALSE,12,300,O_11,44-59
164,F,48,M,3,2,C,2,B,39,1.58,16.58,24,FALSE,FALSE,FALSE,12.7,398,O_11,44-59
193,F,36,M,6,3,B,1,B,44,1.41,16.44,21,FALSE,FALSE,FALSE,12.4,345,O_11,35-44
197,F,41,M,5,4,A,2,A,45,1.49,14.25,18,FALSE,FALSE,FALSE,11.6,256,O_11,35-44
198,F,35,M,5,2,A,2,C,42,1.41,19.46,25,FALSE,FALSE,FALSE,11.5,486,O_11,35-44
188,F,35,M,4,2,C,2,C,49,1.53,16.59,19,FALSE,FALSE,FALSE,12.3,315,O_11,35-44
186,F,32,M,7,1,B,2,B,32,1.36,16.58,20,FALSE,FALSE,FALSE,12.8,332,O_11,U_35
131,F,40,M,8,0,A,2,C,34,1.45,15.56,21,NA,NA,NA,11.8,327,O_11,35-44
32,G,46,M,2,0,C,2,B,41,1.52,12.74,16,FALSE,FALSE,FALSE,9.8,204,U_10,44-59
43,G,33,M,3,1,A,2,B,43,1.58,13.71,20,FALSE,FALSE,FALSE,10.6,274,10-11,U_35
38,G,19,M,1,1,A,2,B,42,1.41,14.24,16,FALSE,FALSE,FALSE,10.1,228,10-11,U_35
33,G,31,M,5,2,A,2,A,39,1.46,11.26,14,FALSE,FALSE,FALSE,9.7,158,U_10,U_35
9,G,21,U,0,0,C,2,A,47,1.47,10.12,14,FALSE,FALSE,FALSE,9.6,142,U_10,U_35
10,G,35,M,2,0,A,2,A,40,1.43,11.23,12,FALSE,FALSE,FALSE,9.7,135,U_10,35-44
4,G,41,M,4,0,A,1,A,40,1.42,14.88,14,FALSE,FALSE,FALSE,10.4,208,10-11,35-44
29,G,39,M,3,0,C,4,C,40,1.51,17,20,NA,NA,NA,11.8,340,O_11,35-44
21,G,28,M,2,1,C,2,B,36,1.48,10.41,15,NA,NA,NA,9.8,156,U_10,U_35
11,G,32,M,3,1,C,2,A,40,1.58,12.8,14,NA,NA,NA,10.1,179,10-11,U_35
44,G,35,M,2,0,A,2,B,44,1.47,14.99,16,FALSE,FALSE,FALSE,11.6,240,O_11,35-44
27,G,28,M,2,1,C,2,B,49,1.59,19.68,23,FALSE,FALSE,FALSE,11,453,10-11,U_35
7,G,40,M,4,0,C,2,A,30,1.49,12.42,20,FALSE,FALSE,FALSE,9.6,248,U_10,35-44
18,G,58,W,1,0,C,4,B,42,1.47,18.15,25,FALSE,FALSE,FALSE,11.5,454,O_11,44-59
16,G,25,M,4,1,C,2,B,39,1.47,10.84,17,FALSE,FALSE,FALSE,10,184,10-11,U_35
41,G,25,M,3,2,C,2,A,40,1.43,14.6,15,FALSE,FALSE,FALSE,10.9,219,10-11,U_35
35,G,23,M,2,2,A,2,A,56,1.58,9.24,14,FALSE,FALSE,FALSE,9.7,129,U_10,U_35
14,G,38,M,2,0,A,2,B,32,1.43,16.6,18,FALSE,FALSE,FALSE,10.7,299,10-11,35-44
47,G,22,M,2,2,A,2,B,40,1.47,11.68,14,FALSE,FALSE,FALSE,8.2,164,U_10,U_35
49,G,22,M,2,2,A,2,B,42,1.61,11.68,16,FALSE,FALSE,FALSE,8.2,187,U_10,U_35
48,G,28,M,5,3,A,2,C,38,1.49,11.28,15,FALSE,FALSE,FALSE,7.7,169,U_10,U_35
25,G,29,M,2,1,C,2,B,39,1.56,17.21,24,TRUE,TRUE,TRUE,11,413,10-11,U_35
13,G,35,M,3,0,C,2,B,46,1.48,11.88,13,FALSE,FALSE,FALSE,9.5,154,U_10,35-44
2,G,53,W,6,0,B,2,A,59,1.54,13.5,13,FALSE,FALSE,FALSE,9.5,176,U_10,44-59
1,G,38,M,3,0,C,2,B,36,1.4,12.03,14,NA,NA,NA,9.6,168,U_10,35-44
75,S,24,M,5,1,A,2,B,41,1.52,13.01,15,FALSE,TRUE,FALSE,10.2,195,10-11,U_35
120,S,24,M,3,2,A,2,A,35,1.47,19.33,24,FALSE,FALSE,FALSE,13.4,464,O_11,U_35
78,S,50,M,9,3,A,1,A,42,1.55,12.5,17,FALSE,FALSE,FALSE,10.2,212,10-11,44-59
121,S,24,M,2,4,A,3,B,35,1.48,14.65,19,FALSE,FALSE,FALSE,10.5,278,10-11,U_35
116,S,36,M,6,4,A,1,A,35,1.42,9.1,15,TRUE,TRUE,FALSE,9.6,136,U_10,35-44
83,S,55,M,9,2,A,2,A,43,1.51,10.56,10,FALSE,TRUE,FALSE,9.3,106,U_10,44-59
53,S,41,M,6,0,A,2,A,36,1.44,15.22,23,FALSE,FALSE,FALSE,12.6,350,O_11,35-44
65,S,48,M,6,0,A,2,B,38.1,1.48,14.74,17,NA,NA,NA,10.2,251,10-11,44-59
66,S,51,M,9,0,A,2,A,34,1.39,15.23,22,FALSE,TRUE,FALSE,11.6,335,O_11,44-59
62,S,58,M,6,1,A,2,A,49,1.52,16.23,23,FALSE,FALSE,FALSE,11.5,373,O_11,44-59
74,S,26,M,6,0,A,2,B,33,1.44,13.89,19,FALSE,TRUE,FALSE,11.9,264,O_11,U_35
69,S,39,M,6,0,A,1,B,35,1.52,14.85,16,NA,NA,NA,11.4,238,O_11,35-44
92,S,50,M,5,0,A,3,A,31,1.4,16.25,21,FALSE,FALSE,FALSE,11.2,341,O_11,44-59
84,S,38,M,6,0,A,2,A,34,1.42,18.44,25,FALSE,FALSE,FALSE,13.5,461,O_11,35-44
85,S,52,M,6,1,A,1,A,41,1.55,12.15,9,FALSE,FALSE,FALSE,8.9,109,U_10,44-59
55,S,32,M,4,0,A,1,B,45,1.62,12.99,18,FALSE,TRUE,TRUE,10.7,234,10-11,U_35
87,S,49,M,6,3,A,3,A,37,1.57,14,19,FALSE,FALSE,FALSE,10.3,266,10-11,44-59
71,S,48,M,5,2,A,2,B,36,1.45,13.89,15,NA,NA,NA,10.5,208,10-11,44-59
125,S,35,M,5,1,A,1,A,35,1.52,15.1,22,FALSE,FALSE,FALSE,11.4,332,O_11,35-44
97,S,35,M,0,0,A,3,A,43,1.58,17.65,19,FALSE,FALSE,FALSE,12.2,335,O_11,35-44
79,S,27,U,0,0,A,1,A,43,1.6,13.45,18,NA,NA,NA,11.9,242,O_11,U_35
103,S,32,M,6,0,A,1,B,39,1.5,13.25,23,TRUE,FALSE,FALSE,10.3,305,10-11,U_35
106,S,34,M,2,0,A,1,A,34,1.42,16.25,26,FALSE,FALSE,FALSE,11.5,422,O_11,U_35
94,S,39,M,5,3,A,1,B,40,1.45,14.23,14,FALSE,FALSE,FALSE,10.4,199,10-11,35-44
95,S,53,M,6,0,A,2,A,45,1.58,13.5,16,FALSE,FALSE,FALSE,11.1,216,O_11,44-59
291,Y,46,M,6,4,A,1,A,36,1.41,13.62,15,FALSE,TRUE,FALSE,11,204,10-11,44-59
284,Y,43,M,3,2,A,1,A,45,1.49,9.99,16,FALSE,FALSE,FALSE,11.9,160,O_11,35-44
298,Y,48,M,3,2,B,3,B,50,1.45,15.32,27,FALSE,TRUE,FALSE,11.8,414,O_11,44-59
261,Y,48,M,5,1,A,1,A,36,1.49,14.21,20,NA,NA,NA,10.1,284,10-11,44-59
299,Y,49,M,2,0,A,1,B,37,1.5,9.5,16,FALSE,FALSE,FALSE,9.6,152,U_10,44-59
279,Y,40,M,3,4,A,1,A,34,1.52,12.55,14,TRUE,TRUE,FALSE,8.5,176,U_10,35-44
274,Y,37,W,6,2,A,1,A,35,1.43,9.56,14,FALSE,TRUE,FALSE,9.5,134,U_10,35-44
257,Y,56,W,9,4,A,1,A,40,1.43,10.75,18,FALSE,TRUE,FALSE,9.9,194,U_10,44-59
264,Y,39,M,4,3,A,1,A,42,1.52,14.37,15,NA,NA,NA,11.6,216,O_11,35-44
268,Y,36,M,4,1,B,2,A,44,1.52,15.41,24,FALSE,FALSE,FALSE,11.2,370,O_11,35-44
256,Y,45,M,6,1,A,1,A,38,1.57,13.41,18,FALSE,TRUE,FALSE,10.2,241,10-11,44-59
260,Y,35,M,6,2,A,1,A,40,1.47,13.94,15,NA,NA,NA,10.6,209,10-11,35-44
285,Y,44,M,5,2,A,1,B,39,1.43,13.26,18,FALSE,FALSE,FALSE,10.2,239,10-11,35-44
266,Y,41,M,4,2,B,2,A,43,1.44,15.37,20,NA,NA,NA,11,307,10-11,35-44
271,Y,36,U,0,0,B,2,A,35,1.45,8.56,12,FALSE,FALSE,FALSE,9.6,103,U_10,35-44
303,Y,51,M,4,2,A,2,B,35,1.43,7.52,18,FALSE,TRUE,FALSE,9.3,135,U_10,44-59
267,Y,35,M,4,1,B,2,B,45,1.45,16.87,25,FALSE,FALSE,FALSE,12.4,422,O_11,35-44
259,Y,47,M,8,4,A,1,A,35,1.52,9.48,15,FALSE,FALSE,FALSE,9.6,142,U_10,44-59
290,Y,46,M,8,4,A,1,A,34,1.5,11.23,12,FALSE,FALSE,FALSE,9.3,135,U_10,44-59
286,Y,44,M,3,2,A,1,A,45,1.5,15.99,17,FALSE,TRUE,FALSE,11,272,10-11,35-44
304,Y,36,W,9,2,A,1,B,36,1.47,9.56,14,FALSE,FALSE,FALSE,9.8,134,U_10,35-44
293,Y,25,M,9,2,A,1,B,38,1.54,10.56,13,FALSE,FALSE,FALSE,9.5,137,U_10,U_35
282,Y,42,M,4,1,B,2,A,49,1.54,12.59,20,FALSE,FALSE,FALSE,11.7,252,O_11,35-44
289,Y,45,M,6,4,A,1,A,38,1.41,15.32,20,FALSE,TRUE,FALSE,10.4,306,10-11,44-59
301,Y,50,W,3,2,A,1,A,35,1.45,9.96,14,FALSE,FALSE,FALSE,9.7,139,U_10,44-59
